Workbook

Sheet Resumen
A1: Matriz de inclusión para validador de referencias apoyado por IA
A2: Clínica Al Alba | Base de trabajo editable para criterios de inclusión y exclusión de referencias apoyadas por IA
A4: Fecha de elaboración | B4: 2026-06-05 | D4: Especialidades médicas base
A5: Fuente CUPS cargada | B5: cups ASMET SALUD.xlsx | D5: Cardiología | E5: Hemodinamia / Cardiología intervencionista | F5: Electrofisiología
A6: Total CUPS convenidos cargados | B6: 2494 | D6: Medicina interna | E6: Neurocirugía | F6: Neurointervencionismo
A7: Total condiciones de inclusión | B7: 33 | D7: Radiología intervencionista | E7: Cirugía cardiovascular | F7: Cirugía vascular
A8: Total CUPS trazadores asociados | B8: 456 | D8: Cirugía de tórax | E8: Cirugía de cabeza y cuello | F8: Cirugía de colon y recto
A9: Uso sugerido | B9: Filtrar por especialidad, condición clínica o palabras clave; validar siempre con criterio médico y disponibilidad institucional. | D9: Cirugía hepatobiliar | E9: Ortopedia | F9: Cirugía de columna
A10: Total condiciones de exclusión | B10: 36 | C10: Incluye especialidades no contempladas, infecciones netas y baja complejidad | D10: Cirugía reconstructiva | E10: Artroscopia | F10: Reemplazos articulares
D11: Unidad Biliogastrodigestiva: Gastroenterología y Endoscopia
A12: Resumen por especialidad líder | B12: Inclusiones | C12: CUPS trazadores | D12: Observación
A13: Artroscopia | B13: =COUNTIF(Inclusiones!$C:$C,A13) -> 1 | C13: =COUNTIF('CUPS trazadores'!$C:$C,A13) -> 15
A14: Cardiología / Hemodinamia | B14: =COUNTIF(Inclusiones!$C:$C,A14) -> 2 | C14: =COUNTIF('CUPS trazadores'!$C:$C,A14) -> 29
A15: Cirugía cardiovascular | B15: =COUNTIF(Inclusiones!$C:$C,A15) -> 1 | C15: =COUNTIF('CUPS trazadores'!$C:$C,A15) -> 15
A16: Cirugía cardiovascular / Hemodinamia | B16: =COUNTIF(Inclusiones!$C:$C,A16) -> 1 | C16: =COUNTIF('CUPS trazadores'!$C:$C,A16) -> 15
A17: Cirugía de cabeza y cuello | B17: =COUNTIF(Inclusiones!$C:$C,A17) -> 1 | C17: =COUNTIF('CUPS trazadores'!$C:$C,A17) -> 15
A18: Cirugía de colon y recto | B18: =COUNTIF(Inclusiones!$C:$C,A18) -> 1 | C18: =COUNTIF('CUPS trazadores'!$C:$C,A18) -> 15
A19: Cirugía de tórax | B19: =COUNTIF(Inclusiones!$C:$C,A19) -> 1 | C19: =COUNTIF('CUPS trazadores'!$C:$C,A19) -> 15
A20: Cirugía hepatobiliar | B20: =COUNTIF(Inclusiones!$C:$C,A20) -> 1 | C20: =COUNTIF('CUPS trazadores'!$C:$C,A20) -> 4
A21: Cirugía reconstructiva | B21: =COUNTIF(Inclusiones!$C:$C,A21) -> 1 | C21: =COUNTIF('CUPS trazadores'!$C:$C,A21) -> 15
A22: Cirugía vascular | B22: =COUNTIF(Inclusiones!$C:$C,A22) -> 1 | C22: =COUNTIF('CUPS trazadores'!$C:$C,A22) -> 15
A23: Cirugía vascular / Cirugía cardiovascular | B23: =COUNTIF(Inclusiones!$C:$C,A23) -> 1 | C23: =COUNTIF('CUPS trazadores'!$C:$C,A23) -> 15
A24: Cirugía vascular / Radiología intervencionista | B24: =COUNTIF(Inclusiones!$C:$C,A24) -> 1 | C24: =COUNTIF('CUPS trazadores'!$C:$C,A24) -> 15
... A37: Reemplazos articulares | B37: =COUNTIF(Inclusiones!$C:$C,A37) -> 1 | C37: =COUNTIF('CUPS trazadores'!$C:$C,A37) -> 15
A40: Resumen por eje de exclusión | B40: N° condiciones | C40: Uso sugerido
A41: Alergología | B41: 1 | C41: Filtrar en la hoja Exclusiones para revisar detalle.
A42: Baja complejidad transversal | B42: 1 | C42: Filtrar en la hoja Exclusiones para revisar detalle.
A43: Cardiología baja complejidad | B43: 2 | C43: Filtrar en la hoja Exclusiones para revisar detalle.
A44: Cirugía general | B44: 1 | C44: Filtrar en la hoja Exclusiones para revisar detalle.
A45: Dermatología | B45: 1 | C45: Filtrar en la hoja Exclusiones para revisar detalle.
A46: Disponibilidad no clínica | B46: 1 | C46: Filtrar en la hoja Exclusiones para revisar detalle.
A47: Electrofisiología baja complejidad | B47: 1 | C47: Filtrar en la hoja Exclusiones para revisar detalle.
A48: Endocrinología | B48: 1 | C48: Filtrar en la hoja Exclusiones para revisar detalle.
A49: Falla cardíaca baja complejidad | B49: 1 | C49: Filtrar en la hoja Exclusiones para revisar detalle.
A50: Gastrointestinal infeccioso | B50: 1 | C50: Filtrar en la hoja Exclusiones para revisar detalle.
A51: Ginecología | B51: 1 | C51: Filtrar en la hoja Exclusiones para revisar detalle.
A52: Infectología | B52: 1 | C52: Filtrar en la hoja Exclusiones para revisar detalle.
... A73: Urología | B73: 1 | C73: Filtrar en la hoja Exclusiones para revisar detalle.

Sheet Inclusiones
A1: ID | B1: Eje clínico | C1: Especialidad líder | D1: Condición de inclusión | E1: Diagnósticos / palabras clínicas disparadoras | F1: Procedimiento o manejo probable | G1: Complejidad esperada | H1: Prioridad clínica | I1: Criterios mínimos de aceptación | J1: Alertas / validación diferencial | K1: CUPS trazadores encontrados en archivo | L1: Palabras clave CUPS usadas | M1: Requiere validación humana | N1: Resultado sugerido | O1: N° CUPS trazadores | P1: Observaciones
A2: INC-001 | B2: Cardiovascular | C2: Cardiología / Hemodinamia | D2: Síndrome coronario agudo con elevación del ST | E2: IAMCEST, elevación ST, dolor torácico de alto riesgo, sospecha de oclusión coronaria aguda | F2: Valoración por cardiología/hemodinamia; coronariografía, angioplastia, trombólisis o intervención coronaria según disponibilidad. | G2: Alta | H2: Urgente / tiempo dependiente | I2: ECG, troponinas si disponibles, estabilidad hemodinámica, hora de inicio de síntomas, terapia recibida, necesidad de hemodinamia. | J2: No usar como inclusión si el motivo dominante es sepsis, neumonía u otra infección primaria no controlada. | K2: 360402 TROMBÓLISIS INTRACORONARIA; 360101 ANGIOPLASTIA CORONARIA PERCUTÁNEA (ENDOVASCULAR) UNO O DOS VASOS; 360102 ANGIOPLASTIA CORONARIA PERCUTÁNEA (ENDOVASCULAR) MAS DE DOS VASOS; 360201 ANGIOPLASTIA CORONARIA PERCUTÁNEA (ENDOVASCULAR) CON INFUSIÓN DE SUSTA; 360202 ANGIOPLASTIA CORONARIA TRANSLUMINAL PERCUTÁNEA SIMPLE CON INFUSIÓN DE ; 360501 ANGIOPLASTIA CORONARIA POR VÍA PERCUTÁNEA (ENDOVASCULAR) (ATERECTOMÍA ; 372102 CATETERISMO CARDÍACO DEL LADO DERECHO DEL CORAZÓN CON PRUEBA DE SUSTAN; 372202 CATETERISMO CARDÍACO DEL LADO IZQUIERDO DEL CORAZÓN | L2: TROMBÓLISIS INTRACORONARIA, ANGIOPLASTIA CORONARIA, ARTERIOGRAFÍA CORONARIA, CATETERISMO CARDÍACO, DISPOSITIVO INTRACORONARIO | M2: Sí | N2: Potencialmente aceptable | O2: =COUNTIF('CUPS trazadores'!$A:$A,A2) -> 15
A3: INC-002 | B3: Cardiovascular | C3: Cardiología / Hemodinamia | D3: Síndrome coronario agudo sin elevación del ST | E3: IAMSEST, angina inestable, troponina positiva, dolor torácico de alto riesgo, cambios dinámicos ST/T | F3: Estratificación invasiva, coronariografía y posible intervención coronaria percutánea. | G3: Mediana / Alta | H3: Prioritaria | I3: Riesgo clínico, ECG, troponinas, GRACE/TIMI si está disponible, terapia antiisquémica/antitrombótica, condición hemodinámica. | J3: No priorizar si el cuadro es dolor torácico de bajo riesgo sin criterios de manejo especializado. | K3: 360101 ANGIOPLASTIA CORONARIA PERCUTÁNEA (ENDOVASCULAR) UNO O DOS VASOS; 360102 ANGIOPLASTIA CORONARIA PERCUTÁNEA (ENDOVASCULAR) MAS DE DOS VASOS; 360201 ANGIOPLASTIA CORONARIA PERCUTÁNEA (ENDOVASCULAR) CON INFUSIÓN DE SUSTA; 360202 ANGIOPLASTIA CORONARIA TRANSLUMINAL PERCUTÁNEA SIMPLE CON INFUSIÓN DE ; 360501 ANGIOPLASTIA CORONARIA POR VÍA PERCUTÁNEA (ENDOVASCULAR) (ATERECTOMÍA ; 372102 CATETERISMO CARDÍACO DEL LADO DERECHO DEL CORAZÓN CON PRUEBA DE SUSTAN; 372202 CATETERISMO CARDÍACO DEL LADO IZQUIERDO DEL CORAZÓN; 876120 ARTERIOGRAFÍA CORONARIA | L3: ANGIOPLASTIA CORONARIA, ARTERIOGRAFÍA CORONARIA, CATETERISMO CARDÍACO, INTRACORONARIO | M3: Sí | N3: Potencialmente aceptable | O3: =COUNTIF('CUPS trazadores'!$A:$A,A3) -> 14
A4: INC-003 | B4: Cardiovascular | C4: Hemodinamia / Cardiología intervencionista | D4: Requerimiento de coronariografía, cateterismo cardíaco o intervención coronaria | E4: Enfermedad coronaria, angina de alto riesgo, prueba positiva, lesión coronaria conocida, necesidad de angioplastia/stent | F4: Coronariografía diagnóstica o terapéutica; angioplastia, aterectomía o implante de dispositivo intracoronario. | G4: Mediana / Alta | H4: Prioritaria | I4: Indicación documentada, estabilidad, anticoagulación/antiagregación, creatinina si aplica, soporte clínico de remisión. | J4: Validar disponibilidad operativa de hemodinamia y pertinencia del procedimiento. | K4: 360101 ANGIOPLASTIA CORONARIA PERCUTÁNEA (ENDOVASCULAR) UNO O DOS VASOS; 360102 ANGIOPLASTIA CORONARIA PERCUTÁNEA (ENDOVASCULAR) MAS DE DOS VASOS; 360201 ANGIOPLASTIA CORONARIA PERCUTÁNEA (ENDOVASCULAR) CON INFUSIÓN DE SUSTA; 360202 ANGIOPLASTIA CORONARIA TRANSLUMINAL PERCUTÁNEA SIMPLE CON INFUSIÓN DE ; 360501 ANGIOPLASTIA CORONARIA POR VÍA PERCUTÁNEA (ENDOVASCULAR) (ATERECTOMÍA ; 372102 CATETERISMO CARDÍACO DEL LADO DERECHO DEL CORAZÓN CON PRUEBA DE SUSTAN; 372202 CATETERISMO CARDÍACO DEL LADO IZQUIERDO DEL CORAZÓN; 372302 CATETERISMO COMBINADO DE LOS LADOS DERECHO E IZQUIERDO DEL CORAZÓN | L4: ARTERIOGRAFÍA CORONARIA, CATETERISMO, ANGIOPLASTIA CORONARIA, ATERECTOMÍA CORONARIA, DISPOSITIVO INTRACORONARIO | M4: Sí | N4: Potencialmente aceptable | O4: =COUNTIF('CUPS trazadores'!$A:$A,A4) -> 15
A5: INC-004 | B5: Cardiovascular | C5: Cirugía cardiovascular / Hemodinamia | D5: Patología valvular o estructural cardiovascular susceptible de manejo especializado | E5: Valvulopatías, enfermedad estructural, requerimiento de valvuloplastia o cirugía cardiovascular | F5: Valoración cardiovascular; valvuloplastia, reemplazo valvular o procedimiento estructural según capacidad institucional. | G5: Alta | H5: Programable prioritaria / urgente según caso | I5: Ecocardiograma, diagnóstico estructural, clase funcional, comorbilidades, indicación de procedimiento. | J5: Validar caso a caso disponibilidad del procedimiento y perfil de riesgo quirúrgico. | K5: 351303 VALVULOPLASTIA PULMONAR VÍA PERCUTÁNEA (ENDOVASCULAR); 352001 REEMPLAZO DE LA VÁLVULA PULMONAR VÍA ABIERTA; 352101 REEMPLAZO DE LA VÁLVULA AÓRTICA VÍA ABIERTA; 352301 REEMPLAZO DE LA VÁLVULA TRICUSPÍDEA VÍA ABIERTA; 351101 VALVULOPLASTIA AÓRTICA VÍA ABIERTA; 351201 VALVULOPLASTIA MITRAL VÍA ABIERTA; 351301 VALVULOPLASTIA PULMONAR VÍA ABIERTA; 351401 VALVULOPLASTIA TRICUSPÍDEA VÍA ABIERTA | L5: VALVULOPLASTIA, REEMPLAZO DE LA VÁLVULA, VALVULA, CARDIACA | M5: Sí | N5: Potencialmente aceptable | O5: =COUNTIF('CUPS trazadores'!$A:$A,A5) -> 15
A6: INC-005 | B6: Electrofisiología | C6: Electrofisiología | D6: Arritmias cardíacas sintomáticas o de alto riesgo | E6: Taquiarritmias, bradiarritmias, síncope arrítmico, bloqueo AV, arritmia ventricular/supraventricular | F6: Estudio por electrofisiología, monitoreo, manejo de dispositivo, cardioversor o ablación según indicación. | G6: Mediana / Alta | H6: Prioritaria | I6: ECG o tiras de ritmo, estabilidad, frecuencia, síntomas, tratamientos recibidos, indicación de electrofisiología. | J6: No aceptar como cardiología si el motivo dominante es patología respiratoria crónica o sepsis. | K6: 378601 INSERCIÓN [IMPLANTACIÓN] DE CARDIOVERSOR (DESFIBRILADOR) UNICAMERAL VÍ; 378602 INSERCIÓN [IMPLANTACIÓN] DE CARDIOVERSOR (DESFIBRILADOR) UNICAMERAL VÍ; 378603 INSERCIÓN [IMPLANTACIÓN] DE CARDIOVERSOR (DESFIBRILADOR) BICAMERAL VÍA; 378604 INSERCIÓN [IMPLANTACIÓN] DE CARDIOVERSOR (DESFIBRILADOR) BICAMERAL VÍA; 378607PA PAQUETE - INSERCION [IMPLANTACION] DE CARDIOVERSOR(DESFIBRILADOR) VIA ; 378902 EXPLANTE O ELIMINACIÓN DE CARDIOVERSOR (DESFIBRILADOR) O RESINCRONIZAD; 378606 INSERCIÓN [IMPLANTACIÓN] DE CARDIOVERSOR (DESFIBRILADOR) CON RESINCRON; 372301 ESTUDIO ELECTROFISIOLÓGICO CARDÍACO COMBINADO DERECHO E IZQUIERDO DEL | L6: ELECTROFISIOLÓGICO, MARCAPASOS, CARDIOVERSOR, ABLACIÓN, MAPEO ELECTROANATÓMICO | M6: Sí | N6: Potencialmente aceptable | O6: =COUNTIF('CUPS trazadores'!$A:$A,A6) -> 15
A7: INC-006 | B7: Electrofisiología | C7: Electrofisiología | D7: Colocación de marcapasos | E7: Bloqueo AV avanzado, bradiarritmia sintomática, pausas, síncope de origen bradiarrítmico, indicación de dispositivo | F7: Implantación de marcapasos unicameral o bicameral según criterio especializado. | G7: Mediana / Alta | H7: Prioritaria | I7: ECG, indicación de dispositivo, estado hemodinámico, anticoagulación, accesos, infección activa descartada. | J7: Si hay infección sistémica activa asociada al dispositivo, requiere validación estricta por riesgo de exclusión. | K7: 378201 INSERCIÓN [IMPLANTACIÓN] DE MARCAPASOS UNICAMERAL; 378301 INSERCIÓN [IMPLANTACIÓN] DE MARCAPASOS BICAMERAL; 378501 REVISIÓN (REPROGRAMACIÓN) DE MARCAPASOS; 398100 IMPLANTACION EN CUERPO CAROTIDEO DE MARCAPASOS O ESTIMULADOR ELECTRONI | L7: INSERCIÓN [IMPLANTACIÓN] DE MARCAPASOS, MARCAPASOS | M7: Sí | N7: Potencialmente aceptable | O7: =COUNTIF('CUPS trazadores'!$A:$A,A7) -> 4
A8: INC-007 | B8: Electrofisiología | C8: Electrofisiología | D8: Recambio, revisión o disfunción de marcapasos/dispositivo | E8: Disfunción de marcapasos, agotamiento de batería, falla de captura, falla de sensado, necesidad de recambio | F8: Revisión, reprogramación, recambio o intervención sobre dispositivo/electrodos según criterio de electrofisiología. | G8: Mediana / Alta | H8: Prioritaria / programable | I8: Tipo de dispositivo, fecha de implante, interrogación si disponible, síntomas, ECG, infección local o sistémica. | J8: Diferenciar recambio electivo de infección de bolsillo o endocarditis, que puede modificar la aceptación. | K8: 378902 EXPLANTE O ELIMINACIÓN DE CARDIOVERSOR (DESFIBRILADOR) O RESINCRONIZAD; 378903PA PAQUETE - EXTRACCIÓN INSTRUMENTADA DE ELECTRODO DE ESTIMULACIÓN (AURÍC; 378201 INSERCIÓN [IMPLANTACIÓN] DE MARCAPASOS UNICAMERAL; 378301 INSERCIÓN [IMPLANTACIÓN] DE MARCAPASOS BICAMERAL; 378901 EXPLANTE O ELIMINACIÓN DE MARCAPASO; 378501 REVISIÓN (REPROGRAMACIÓN) DE MARCAPASOS; 378904 EXTRACCION INSTRUMENTADA DE ELECTRODO DE DESFIBRILACION; 378905 EXTRACCION INSTRUMENTADA DE ELECTRODO DE SENO CORONARIO | L8: REVISIÓN (REPROGRAMACIÓN) DE MARCAPASOS, EXTRACCIÓN INSTRUMENTADA DE ELECTRODO, EXPLANTE, MARCAPASOS | M8: Sí | N8: Potencialmente aceptable | O8: =COUNTIF('CUPS trazadores'!$A:$A,A8) -> 9
A9: INC-008 | B9: Electrofisiología | C9: Electrofisiología | D9: Cardiodesfibrilador, resincronizador o dispositivo avanzado | E9: Indicación de CDI, resincronización, disfunción de cardiodesfibrilador, resincronizador cardíaco | F9: Implantación, revisión, reprogramación o explante de dispositivo avanzado según indicación. | G9: Alta | H9: Prioritaria / programable | I9: Indicación, clase funcional, FEVI si aplica, interrogación, evento arrítmico, estado clínico. | J9: Validar disponibilidad del dispositivo y materiales. | K9: 378601 INSERCIÓN [IMPLANTACIÓN] DE CARDIOVERSOR (DESFIBRILADOR) UNICAMERAL VÍ; 378602 INSERCIÓN [IMPLANTACIÓN] DE CARDIOVERSOR (DESFIBRILADOR) UNICAMERAL VÍ; 378603 INSERCIÓN [IMPLANTACIÓN] DE CARDIOVERSOR (DESFIBRILADOR) BICAMERAL VÍA; 378604 INSERCIÓN [IMPLANTACIÓN] DE CARDIOVERSOR (DESFIBRILADOR) BICAMERAL VÍA; 378607PA PAQUETE - INSERCION [IMPLANTACION] DE CARDIOVERSOR(DESFIBRILADOR) VIA ; 378902 EXPLANTE O ELIMINACIÓN DE CARDIOVERSOR (DESFIBRILADOR) O RESINCRONIZAD; 378903PA PAQUETE - EXTRACCIÓN INSTRUMENTADA DE ELECTRODO DE ESTIMULACIÓN (AURÍC; 378701 INSERCIÓN O SUSTITUCIÓN DE ELECTRODO EPICÁRDICO VÍA ABIERTA | L9: CARDIOVERSOR, RESINCRONIZADOR, DESFIBRILADOR, ELECTRODO | M9: Sí | N9: Potencialmente aceptable | O9: =COUNTIF('CUPS trazadores'!$A:$A,A9) -> 15
A10: INC-009 | B10: Electrofisiología | C10: Electrofisiología | D10: Ablación cardíaca con o sin reconstrucción 3D | E10: TPSV, flutter, fibrilación auricular seleccionada, taquicardia ventricular, arritmia candidata a ablación | F10: Estudio electrofisiológico y ablación focal/multifocal; considerar reconstrucción 3D si está indicada. | G10: Alta | H10: Programable prioritaria / prioritaria | I10: Tipo de arritmia, ECG/Holter, medicamentos previos, anticoagulación, indicación de ablación. | J10: La reconstrucción 3D debe validarse según disponibilidad y tipo de arritmia. | K10: 372301 ESTUDIO ELECTROFISIOLÓGICO CARDÍACO COMBINADO DERECHO E IZQUIERDO DEL ; 372502 ESTUDIO ELECTROFISIOLÓGICO EPICÁRDICO VÍA PERCUTÁNEA; 373406 ABLACIÓN DE LESIÓN O TEJIDO CARDÍACO FOCAL PERCUTÁNEA (ENDOVASCULAR); 373409 ABLACIÓN DE LESIÓN O TEJIDO CARDÍACO MULTIFOCAL PERCUTÁNEA (ENDOVASCUL; 372801 MAPEO ELECTROANATÓMICO CONVENCIONAL; 372101 ESTUDIO ELECTROFISIOLOGICO CARDIACO CONVENCIONAL DEL LADO DERECHO DEL ; 372201 ESTUDIO ELECTROFISIOLOGICO CARDIACO DEL LADO IZQUIERDO DEL CORAZON VIA; 372501 ESTUDIO ELECTROFISIOLOGICO CARDIACO TRANS ESOFAGICO | L10: ABLACIÓN DE LESIÓN O TEJIDO CARDÍACO, MAPEO ELECTROANATÓMICO, ESTUDIO ELECTROFISIOLÓGICO | M10: Sí | N10: Potencialmente aceptable | O10: =COUNTIF('CUPS trazadores'!$A:$A,A10) -> 10
A11: INC-010 | B11: Medicina interna / Cardiología | C11: Medicina interna / Cardiología | D11: Falla cardíaca con requerimiento de ciclo de inotropía | E11: Insuficiencia cardíaca descompensada, bajo gasto, necesidad de dobutamina/milrinona/vasoactivo bajo enfoque cardiovascular | F11: Manejo hospitalario por medicina interna/cardiología, ciclo de inotropía y ajuste terapéutico. | G11: Alta | H11: Prioritaria | I11: Diagnóstico de falla cardíaca, clase funcional, FEVI si disponible, necesidad de inotrópico, soporte requerido, causa de descompensación. | J11: Excluir si el motivo primario es sepsis, neumonía, IVU u otro proceso infeccioso neto no controlado. | K11: 359501 REINTERVENCIÓN POR SANGRADO, DESPUÉS DE CIRUGÍA CARDÍACA; 363201 REINTERVENCIÓN DE REVASCULARIZACIÓN CARDÍACA (DERIVACIÓN O PUENTES COR; 369301 REPARACIÓN DE FISTULA A CAVIDAD CARDÍACA VÍA ABIERTA; 372102 CATETERISMO CARDÍACO DEL LADO DERECHO DEL CORAZÓN CON PRUEBA DE SUSTAN; 372202 CATETERISMO CARDÍACO DEL LADO IZQUIERDO DEL CORAZÓN; 903030 MIOGLOBINA CARDÍACA; 881202 ECOCARDIOGRAMA TRANSTORÁCICO; 881205 ECOCARDIOGRAMA TRANSESOFÁGICO | L11: CATETERISMO CARDÍACO, ECOCARDIO, CARDIACA | M11: Sí | N11: Potencialmente aceptable | O11: =COUNTIF('CUPS trazadores'!$A:$A,A11) -> 10
A12: INC-011 | B12: Neurovascular | C12: Neurointervencionismo | D12: Requerimiento de panangiografía cerebral o medular | E12: Sospecha de malformación vascular, aneurisma, fístula, lesión vascular cerebral o medular | F12: Panangiografía / arteriografía selectiva diagnóstica y eventual conducta neurointervencionista. | G12: Alta | H12: Prioritaria | I12: Neuroimagen previa, déficit neurológico, diagnóstico sospechado, estabilidad, indicación de estudio vascular. | J12: Validar pertinencia e indicación por neurointervencionismo. | K12: 874125 ARTERIOGRAFÍA DE CARÓTIDA BILATERAL SELECTIVA EXTRACRANEANA CON AORTOG; 874111 ARTERIOGRAFIA DE CAROTIDA EXTERNA BILATERAL SELECTIVA EXTRACRANENANA; 874112 ARTERIOGRAFIA DE CAROTIDA EXTERNA BILATERAL SELECTIVA INTRACRANEANA; 874113 ARTERIOGRAFIA DE CAROTIDA EXTERNA UNILATERAL SELECTIVA EXTRACRANEANA; 874114 ARTERIOGRAFIA DE CAROTIDA EXTERNA UNILATERAL SELECTIVA INTRACRANEANA; 874121 ARTERIOGRAFIA DE CAROTIDA INTERNA BILATERAL SELECTIVA EXTRACRANENANA; 874122 ARTERIOGRAFIA DE CAROTIDA INTERNA BILATERAL SELECTIVA INTRACRANENANA; 874123 ARTERIOGRAFIA DE CAROTIDA INTERNA UNILATERAL SELECTIVA EXTRACRANEANA | L12: PANANGIOGRAFÍA, ARTERIOGRAFÍA VERTEBRAL, ARTERIOGRAFÍA DE CARÓTIDA, ANGIOGRAFIA ESPINAL | M12: Sí | N12: Potencialmente aceptable | O12: =COUNTIF('CUPS trazadores'!$A:$A,A12) -> 15
A13: INC-012 | B13: Neurovascular | C13: Neurointervencionismo / Neurocirugía | D13: Manejo endovascular de lesiones aneurismáticas intracraneales | E13: Aneurisma intracraneal roto o no roto, lesión aneurismática cerebral, hemorragia subaracnoidea con sospecha aneurismática | F13: Oclusión, embolización o manejo endovascular de aneurisma; valoración por neurointervencionismo/neurocirugía. | G13: Alta | H13: Urgente / prioritaria | I13: TAC/RM/angioTAC, estado neurológico, escala clínica si está disponible, sangrado, estabilidad, indicación de intervención. | J13: Si requiere recursos no disponibles, escalar a validación médica directa. | K13: 351303 VALVULOPLASTIA PULMONAR VÍA PERCUTÁNEA (ENDOVASCULAR); 360101 ANGIOPLASTIA CORONARIA PERCUTÁNEA (ENDOVASCULAR) UNO O DOS VASOS; 360102 ANGIOPLASTIA CORONARIA PERCUTÁNEA (ENDOVASCULAR) MAS DE DOS VASOS; 360201 ANGIOPLASTIA CORONARIA PERCUTÁNEA (ENDOVASCULAR) CON INFUSIÓN DE SUSTA; 360501 ANGIOPLASTIA CORONARIA POR VÍA PERCUTÁNEA (ENDOVASCULAR) (ATERECTOMÍA ; 373406 ABLACIÓN DE LESIÓN O TEJIDO CARDÍACO FOCAL PERCUTÁNEA (ENDOVASCULAR); 373409 ABLACIÓN DE LESIÓN O TEJIDO CARDÍACO MULTIFOCAL PERCUTÁNEA (ENDOVASCUL; 373412 AISLAMIENTO ELÉCTRICO DE VENAS PULMONARES VÍA PERCUTÁNEA (ENDOVASCULAR | L13: ANEURISMA INTRACRANEAL, OCLUSIÓN DE ANEURISMA, EMBOLIZACIÓN, ENDOVASCULAR | M13: Sí | N13: Potencialmente aceptable | O13: =COUNTIF('CUPS trazadores'!$A:$A,A13) -> 15
... A34: INC-033 | B34: Regla transversal | C34: Especialidad institucional correspondiente | D34: Procedimientos de mediana y alta complejidad de las especialidades disponibles | E34: Caso que requiera intervención de cardiología, electrofisiología, neurocirugía, neurointervencionismo, radiología intervencionista, cirugía vascular/cardiovascular/tórax/cabeza y cuello/colon y recto/hepatobiliar/ortopedia/columna/reconstructiva/gastroenterología-endoscopia. | F34: Recepción potencial si la necesidad clínica coincide con especialidad, procedimiento, insumos y disponibilidad institucional. | G34: Mediana / Alta | H34: Según caso | I34: Diagnóstico, especialidad requerida, procedimiento probable, estabilidad, imágenes/laboratorios, disponibilidad de insumos y cama. | J34: No usar esta regla para incluir servicios o especialidades excluidas; debe tener trazabilidad clínica y procedimental. | K34: 351303 VALVULOPLASTIA PULMONAR VÍA PERCUTÁNEA (ENDOVASCULAR); 352001 REEMPLAZO DE LA VÁLVULA PULMONAR VÍA ABIERTA; 352101 REEMPLAZO DE LA VÁLVULA AÓRTICA VÍA ABIERTA; 352301 REEMPLAZO DE LA VÁLVULA TRICUSPÍDEA VÍA ABIERTA; 354301 VENTRICULOSEPTOSTOMÍA VÍA ABIERTA; 371202 PERICARDIOTOMÍA VÍA ABIERTA; 378601 INSERCIÓN [IMPLANTACIÓN] DE CARDIOVERSOR (DESFIBRILADOR) UNICAMERAL VÍ; 378602 INSERCIÓN [IMPLANTACIÓN] DE CARDIOVERSOR (DESFIBRILADOR) UNICAMERAL VÍ | L34: ENDOVASCULAR, PERCUTÁNEA, ABIERTA, REPARACIÓN, RESECCIÓN, IMPLANTACIÓN | M34: Sí | N34: Potencialmente aceptable | O34: =COUNTIF('CUPS trazadores'!$A:$A,A34) -> 15

Sheet CUPS trazadores
A1: ID inclusión | B1: Eje clínico | C1: Especialidad líder | D1: Condición de inclusión | E1: Código CUPS | F1: Descripción CUPS | G1: Clasificación automática CUPS
A2: INC-001 | B2: Cardiovascular | C2: Cardiología / Hemodinamia | D2: Síndrome coronario agudo con elevación del ST | E2: 360402 | F2: TROMBÓLISIS INTRACORONARIA | G2: Cardiología / Hemodinamia / Cirugía cardiovascular
A3: INC-001 | B3: Cardiovascular | C3: Cardiología / Hemodinamia | D3: Síndrome coronario agudo con elevación del ST | E3: 360101 | F3: ANGIOPLASTIA CORONARIA PERCUTÁNEA (ENDOVASCULAR) UNO O DOS VASOS | G3: Cardiología / Hemodinamia / Cirugía cardiovascular
A4: INC-001 | B4: Cardiovascular | C4: Cardiología / Hemodinamia | D4: Síndrome coronario agudo con elevación del ST | E4: 360102 | F4: ANGIOPLASTIA CORONARIA PERCUTÁNEA (ENDOVASCULAR) MAS DE DOS VASOS | G4: Cardiología / Hemodinamia / Cirugía cardiovascular
A5: INC-001 | B5: Cardiovascular | C5: Cardiología / Hemodinamia | D5: Síndrome coronario agudo con elevación del ST | E5: 360201 | F5: ANGIOPLASTIA CORONARIA PERCUTÁNEA (ENDOVASCULAR) CON INFUSIÓN DE SUSTANCIA TE... | G5: Cardiología / Hemodinamia / Cirugía cardiovascular
A6: INC-001 | B6: Cardiovascular | C6: Cardiología / Hemodinamia | D6: Síndrome coronario agudo con elevación del ST | E6: 360202 | F6: ANGIOPLASTIA CORONARIA TRANSLUMINAL PERCUTÁNEA SIMPLE CON INFUSIÓN DE SUSTANC... | G6: Cardiología / Hemodinamia / Cirugía cardiovascular
A7: INC-001 | B7: Cardiovascular | C7: Cardiología / Hemodinamia | D7: Síndrome coronario agudo con elevación del ST | E7: 360501 | F7: ANGIOPLASTIA CORONARIA POR VÍA PERCUTÁNEA (ENDOVASCULAR) (ATERECTOMÍA CORONAR... | G7: Cardiología / Hemodinamia / Cirugía cardiovascular
A8: INC-001 | B8: Cardiovascular | C8: Cardiología / Hemodinamia | D8: Síndrome coronario agudo con elevación del ST | E8: 372102 | F8: CATETERISMO CARDÍACO DEL LADO DERECHO DEL CORAZÓN CON PRUEBA DE SUSTANCIA TER... | G8: Cardiología / Hemodinamia / Cirugía cardiovascular
A9: INC-001 | B9: Cardiovascular | C9: Cardiología / Hemodinamia | D9: Síndrome coronario agudo con elevación del ST | E9: 372202 | F9: CATETERISMO CARDÍACO DEL LADO IZQUIERDO DEL CORAZÓN | G9: Cardiología / Hemodinamia / Cirugía cardiovascular
A10: INC-001 | B10: Cardiovascular | C10: Cardiología / Hemodinamia | D10: Síndrome coronario agudo con elevación del ST | E10: 876120 | F10: ARTERIOGRAFÍA CORONARIA | G10: Cardiología / Hemodinamia / Cirugía cardiovascular
A11: INC-001 | B11: Cardiovascular | C11: Cardiología / Hemodinamia | D11: Síndrome coronario agudo con elevación del ST | E11: 876121 | F11: ARTERIOGRAFÍA CORONARIA CON CATETERISMO DERECHO E IZQUIERDO | G11: Cardiología / Hemodinamia / Cirugía cardiovascular
A12: INC-001 | B12: Cardiovascular | C12: Cardiología / Hemodinamia | D12: Síndrome coronario agudo con elevación del ST | E12: 876122 | F12: ARTERIOGRAFÍA CORONARIA CON CATETERISMO IZQUIERDO | G12: Cardiología / Hemodinamia / Cirugía cardiovascular
... A457: INC-033 | B457: Regla transversal | C457: Especialidad institucional correspondiente | D457: Procedimientos de mediana y alta complejidad de las especialidades disponibles | E457: 351401 | F457: VALVULOPLASTIA TRICUSPÍDEA VÍA ABIERTA | G457: Cardiología / Hemodinamia / Cirugía cardiovascular

Sheet CUPS convenidos
A1: Código CUPS | B1: Descripción CUPS | C1: Clasificación automática sugerida | D1: Texto normalizado para búsqueda
A2: 360402 | B2: TROMBÓLISIS INTRACORONARIA | C2: Cardiología / Hemodinamia / Cirugía cardiovascular | D2: TROMBOLISIS INTRACORONARIA
A3: 351303 | B3: VALVULOPLASTIA PULMONAR VÍA PERCUTÁNEA (ENDOVASCULAR) | C3: Cardiología / Hemodinamia / Cirugía cardiovascular | D3: VALVULOPLASTIA PULMONAR VIA PERCUTANEA (ENDOVASCULAR)
A4: 352001 | B4: REEMPLAZO DE LA VÁLVULA PULMONAR VÍA ABIERTA | C4: Cardiología / Hemodinamia / Cirugía cardiovascular | D4: REEMPLAZO DE LA VALVULA PULMONAR VIA ABIERTA
A5: 352101 | B5: REEMPLAZO DE LA VÁLVULA AÓRTICA VÍA ABIERTA | C5: Cardiología / Hemodinamia / Cirugía cardiovascular | D5: REEMPLAZO DE LA VALVULA AORTICA VIA ABIERTA
A6: 352301 | B6: REEMPLAZO DE LA VÁLVULA TRICUSPÍDEA VÍA ABIERTA | C6: Cardiología / Hemodinamia / Cirugía cardiovascular | D6: REEMPLAZO DE LA VALVULA TRICUSPIDEA VIA ABIERTA
A7: 354301 | B7: VENTRICULOSEPTOSTOMÍA VÍA ABIERTA | C7: Sin clasificación automática | D7: VENTRICULOSEPTOSTOMIA VIA ABIERTA
A8: 356102 | B8: ATRIOSEPTOPLASTIA CON INJERTO (PARCHE) DE TEJIDO | C8: Cirugía reconstructiva | D8: ATRIOSEPTOPLASTIA CON INJERTO (PARCHE) DE TEJIDO
A9: 371202 | B9: PERICARDIOTOMÍA VÍA ABIERTA | C9: Cardiología / Hemodinamia / Cirugía cardiovascular | D9: PERICARDIOTOMIA VIA ABIERTA
A10: 378601 | B10: INSERCIÓN [IMPLANTACIÓN] DE CARDIOVERSOR (DESFIBRILADOR) UNICAMERAL VÍA ABIERTA | C10: Electrofisiología | D10: INSERCION [IMPLANTACION] DE CARDIOVERSOR (DESFIBRILADOR) UNICAMERAL VIA ABIERTA
A11: 378602 | B11: INSERCIÓN [IMPLANTACIÓN] DE CARDIOVERSOR (DESFIBRILADOR) UNICAMERAL VÍA PERCU... | C11: Electrofisiología | D11: INSERCION [IMPLANTACION] DE CARDIOVERSOR (DESFIBRILADOR) UNICAMERAL VIA PERCU...
A12: 378603 | B12: INSERCIÓN [IMPLANTACIÓN] DE CARDIOVERSOR (DESFIBRILADOR) BICAMERAL VÍA ABIERTA | C12: Electrofisiología | D12: INSERCION [IMPLANTACION] DE CARDIOVERSOR (DESFIBRILADOR) BICAMERAL VIA ABIERTA
... A2495: 935201 | B2495: APLICACION O CAMBIO DE SOPORTE CERVICAL MOLDEADO | C2495: Cirugía de cabeza y cuello | D2495: APLICACION O CAMBIO DE SOPORTE CERVICAL MOLDEADO

Sheet Exclusiones
A1: ID | B1: Eje clínico | C1: Especialidad/servicio no disponible o no prioritario | D1: Condición de exclusión | E1: Diagnósticos / palabras clínicas disparadoras | F1: Motivo de exclusión | G1: Excepción posible | H1: Requiere validación humana | I1: Resultado sugerido | J1: Observaciones
A2: EXC-001 | B2: Regla general | C2: Especialidades no contempladas | D2: Solicitud asociada a especialidad médica no incluida en el portafolio institucional | E2: Especialidad no disponible, interconsulta no institucional, procedimiento fuera de portafolio | F2: La necesidad principal no corresponde a cardiología, electrofisiología, hemodinamia, medicina interna articulada al portafolio, neurocirugía, neurointervencionismo, radiología intervencionista, cirugía cardiovascular, vascular, tórax, cabeza y cuello, colon y recto, hepatobiliar, ortopedia, columna, reconstructiva, artroscopia, reemplazos articulares o Unidad Biliogastrodigestiva. | G2: Solo reconsiderar si el motivo real de remisión cambia hacia una especialidad incluida y requiere procedimiento de mediana o alta complejidad. | H2: Sí | I2: No aceptable / Requiere aclaración | J2: Usar como criterio transversal para todas las referencias.
A3: EXC-002 | B3: Neumología | C3: Neumología / Neumología intervencionista | D3: Tumor bronquial o patología broncopulmonar que requiera neumología intervencionista | E3: Tumor bronquial, broncoscopia intervencionista, masa endobronquial, stent bronquial, EBUS, crioterapia, láser, reducción bronquial | F3: La clínica no cuenta con neumología intervencionista dentro de las especialidades base definidas para recepción. | G3: Reconsiderar únicamente si el caso deriva a cirugía de tórax con indicación quirúrgica clara y soportes completos. | H3: Sí | I3: No aceptable / Requiere aclaración | J3: Diferenciar de cirugía de tórax; no todo tumor bronquial es quirúrgico institucional.
A4: EXC-003 | B4: Neumología | C4: Neumología | D4: Enfermedad respiratoria crónica descompensada sin requerimiento quirúrgico o intervencionista institucional | E4: EPOC, asma, fibrosis pulmonar, bronquiectasias, oxigenoterapia crónica, exacerbación respiratoria, falla respiratoria por enfermedad pulmonar crónica | F4: Corresponde a línea respiratoria/neumológica no contemplada como especialidad de inclusión. | G4: Reconsiderar si existe patología torácica quirúrgica claramente documentada para cirugía de tórax. | H4: Sí | I4: No aceptable | J4: Excluir especialmente cuando el motivo principal sea manejo médico respiratorio.
A5: EXC-004 | B5: Ginecología | C5: Ginecología / Obstetricia | D5: Patología ginecológica u obstétrica como motivo principal de referencia | E5: Sangrado uterino, embarazo, aborto, parto, cesárea, masa anexial, miomatosis, patología ovárica, urgencia ginecológica | F5: Ginecología y obstetricia no hacen parte de las especialidades médicas base de recepción. | G5: No aplica, salvo que exista una complicación vascular, cardiovascular o quirúrgica de otra especialidad incluida y esta sea el motivo principal. | H5: Sí | I5: No aceptable | J5: Evitar aceptar por disponibilidad de cama si no hay especialidad resolutiva.
A6: EXC-005 | B6: Urología | C6: Urología | D6: Patología urológica como motivo principal de referencia | E6: Cólico renal, litiasis ureteral, retención urinaria, hematuria urológica, tumor urológico, obstrucción urinaria, catéter doble J | F6: Urología no está incluida dentro de las especialidades base definidas. | G6: Requiere aclaración si el caso tiene componente vascular, séptico controlado con requerimiento de procedimiento incluido o complicación quirúrgica no urológica. | H6: Sí | I6: No aceptable / Requiere aclaración | J6: No confundir con nefrología ni medicina interna general.
A7: EXC-006 | B7: Nefrología | C7: Nefrología | D7: Enfermedad renal o necesidad de nefrología/diálisis como motivo principal | E7: Lesión renal aguda, enfermedad renal crónica, diálisis, hemodiálisis, urgencia dialítica, hiperkalemia dialítica, síndrome urémico | F7: La atención principal requiere nefrología o terapia dialítica, especialidad no contemplada en la lista de inclusión. | G7: Reconsiderar solo si la condición renal es comorbilidad y el motivo real es un procedimiento institucional de mediana/alta complejidad. | H7: Sí | I7: No aceptable | J7: La creatinina alterada no excluye por sí sola si el procedimiento principal sí está incluido.
A8: EXC-007 | B8: Reumatología | C8: Reumatología | D8: Enfermedad reumatológica o autoinmune como motivo principal | E8: Lupus, artritis reumatoide, vasculitis, esclerodermia, miopatía inflamatoria, brote autoinmune, gota compleja | F8: Reumatología no hace parte de las especialidades base de recepción. | G8: Requiere aclaración si la vasculitis produjo lesión vascular o neurovascular con indicación intervencionista institucional. | H8: Sí | I8: No aceptable / Requiere aclaración | J8: Diferenciar enfermedad reumatológica primaria de complicación vascular tratable.
A9: EXC-008 | B9: Alergología | C9: Alergología / Inmunología | D9: Enfermedad alérgica o inmunológica como motivo principal | E9: Alergia medicamentosa, urticaria, angioedema, anafilaxia resuelta, dermatitis alérgica, inmunodeficiencia | F9: Alergología/inmunología no está incluida dentro de las especialidades base. | G9: No aplica, salvo que exista complicación cardiovascular, quirúrgica o de vía aérea que requiera especialidad incluida. | H9: Sí | I9: No aceptable | J9: Manejo primario debe orientarse a red con la especialidad correspondiente.
A10: EXC-009 | B10: Infectología | C10: Infectología / Medicina interna infecciosa | D10: Proceso infeccioso neto como motivo principal | E10: Infección, fiebre de origen infeccioso, bacteriemia, infección no controlada, foco infeccioso primario | F10: La exclusión aplica cuando el objetivo principal de la remisión es manejo de infección y no un procedimiento de mediana/alta complejidad de especialidad institucional. | G10: Reconsiderar si hay indicación quirúrgica/intervencionista clara y la infección es secundaria o controlable. | H10: Sí | I10: No aceptable / Requiere aclaración | J10: Criterio transversal para procesos infecciosos primarios.
A11: EXC-010 | B11: Infectología / Respiratorio | C11: Neumología / Infectología | D11: Neumonía como diagnóstico principal de referencia | E11: Neumonía, bronconeumonía, NAC, neumonía nosocomial, neumonía aspirativa, infección respiratoria baja | F11: Proceso infeccioso respiratorio primario no alineado con las especialidades institucionales de inclusión. | G11: Solo reconsiderar si existe complicación torácica quirúrgica definida, como empiema organizado con indicación por cirugía de tórax. | H11: Sí | I11: No aceptable | J11: Excluir aunque requiera hospitalización si no requiere especialidad incluida.
A12: EXC-011 | B12: Infectología / Urología | C12: Infectología / Urología | D12: Infección de vías urinarias o pielonefritis como motivo principal | E12: IVU, pielonefritis, urosepsis, infección urinaria complicada, prostatitis infecciosa, infección asociada a sonda | F12: Proceso infeccioso/urológico primario fuera del alcance resolutivo definido. | G12: Reconsiderar solo si el motivo principal pasa a ser una complicación vascular, quirúrgica o intervencionista incluida. | H12: Sí | I12: No aceptable | J12: No aceptar por medicina interna si el foco infeccioso es el motivo dominante.
... A37: EXC-036 | B37: Información insuficiente | C37: Validación administrativa/clínica | D37: Referencia sin información mínima para clasificar inclusión o exclusión | E37: Diagnóstico no claro, sin motivo de remisión, sin signos vitales, sin paraclínicos clave, sin procedimiento solicitado | F37: No permite establecer especialidad requerida, complejidad ni pertinencia clínica. | G37: Solicitar aclaración y reclasificar con la información completa. | H37: Sí | I37: Requiere aclaración | J37: No debe marcarse como aceptable sin soporte clínico mínimo.

Sheet Catalogos
A1: Complejidad | B1: Prioridad | C1: Resultado | D1: Validación humana | E1: Especialidades
A2: Baja | B2: Urgente | C2: Potencialmente aceptable | D2: Sí | E2: Cardiología
A3: Mediana | B3: Urgente / tiempo dependiente | C3: No aceptable | D3: No | E3: Hemodinamia / Cardiología intervencionista
A4: Alta | B4: Prioritaria | C4: Requiere aclaración | E4: Electrofisiología
A5: Mediana / Alta | B5: Programable | C5: Validación médica directa | E5: Medicina interna
B6: Programable prioritaria | E6: Neurocirugía
B7: Según caso | E7: Neurointervencionismo
E8: Radiología intervencionista
E9: Cirugía cardiovascular
E10: Cirugía vascular
E11: Cirugía de tórax
E12: Cirugía de cabeza y cuello
E13: Cirugía de colon y recto
E14: Cirugía hepatobiliar
E15: Ortopedia
E16: Cirugía de columna
E17: Cirugía reconstructiva
E18: Artroscopia
E19: Reemplazos articulares
E20: Unidad Biliogastrodigestiva: Gastroenterología y Endoscopia
